steps,difference
10, 5.723469481791475e-06
100, 8.180591916372715e-05
1000, 0.0008420102928441336
10000, 0.008443992118883128
100000, 0.08446380424211562
1000000, 0.8446619291235882
